<?xml version="1.0" encoding="UTF-8"?>
<schedule xmlns:xsi="http://www.w3.org/2001/XMLSchema-instance" xsi:noNamespaceSchemaLocation="ciML.xsd">
	<semester sem_name= "Fall 2014">
		<program pro_name= "Computer Science">
			<course course_name= "Introduction to Computer Science">
				<course_number>105</course_number>
				<unit_weight>3</unit_weight>
				<description>Three hourse lecture taught in a laboratory per week Prerequisite: Passing score on Entry Level Mathematics examination Description: Provides a balanced view of computingand provides an introduction to the world of computer science. In depth coverage of the design, development, and expression of algorithms. Covers a variety of concepts relevant to the beginning student, including computer organization and design. Not open to students who have completed COMP 150.</description>
				<instuctor>Peter Sylvester</instuctor>
				<days_and_times>Friday 1.00 PM - 3.50 PM</days_and_times>
			</course>
			<course course_name= "Object-Oriented Programming">
				<course_number>150</course_number>
				<unit_weight>4</unit_weight>
				<description>Hours: Four hours lecture per week taught in the lab Prerequisite: MATH 105 or equivalent and COMP 105 or Permission of the Intructor Description: Course taught in a lab. Introduction to algorithms, their representation, design, structuring, analysis and optimization. The course introduces the concept of paradgim, design, and implementation of algorithims as structured programs in a high level language.</description>
				<instuctor>Anna Bieszczad</instuctor>
				<days_and_times>MW 4:00 PM - 5:50 PM</days_and_times>
			</course>
			<course course_name= "Data Struct and Pro Design">
				<course_number>151</course_number>
				<unit_weight>4</unit_weight>
				<description>Hours: Three hours lecture and three hours lab per week Prerequisite: COMP 150 Introduction to data structures and the algorithms that use them. Review of composite data types such as arrays, records, strings, and sets. Topics include: the role of the abstract data type in program design, definition, implementation and application of data structures such as stacks, queues, linked lists, trees and graphs; recursion; use of time-complexity expressions in evaluating algorithms. comparative study of sorting and searching algorithms.</description>
			    <instuctor>Anna Bieszczad</instuctor>
			    <days_and_times>TTH 3:00 PM - 5:50 PM</days_and_times>
			</course>
			<course course_name= "Programming Languages">
				<course_number>232</course_number>
				<unit_weight>3</unit_weight>
				<description>Hours: Two hours lecture and three hours lab per week Prerequisites: COMP 150 , COMP 151 and COMP 162 Discussion of issues in the design, implementation, and use of high-level programming languages. Topics include: historical background; how languages reflect different design philosophies and user requirements; technical issues in the design of major imperative (procedural) programming languages; other approaches to programming: functional programming, logic programming, and object-oriented programming.</description>
				<instuctor>Adrzej Bieszczad</instuctor>
				<days_and_times>TTH 12:00 PM - 1:50 PM</days_and_times>
			</course>
			<course course_name= "Data Base Theory and Design">
				<course_number>420</course_number>
				<unit_weight>3</unit_weight>
				<description>Hours: Two hours lecture and three hours lab per week Prerequisites: MATH 300 or MATH 301 and COMP 151 or IT 151 Topics include: database structure including: structure definition, data models, semantics of relations, and operation on data models; database schemas: element definition, use and manipulation of the schema; elements of implementation.; algebra of relations on a database; hierarchical data bases. Discussion of information retrieval, reliability, protection and integrity of databases. 420 BLAZE IT!</description>
				<instuctor>Kevin Teruo Scrivnor</instuctor>
				<days_and_times>TTH 4:20 PM - 6:20 PM</days_and_times>
			</course>
		</program>
		<program pro_name= "Mathematics">
			<course course_name= "Calculus I">
				<course_number>150</course_number>
				<unit_weight>4</unit_weight>
				<description>Hours: Four hours lecture per week Prerequisites: Passing scores on the Calculus Placement Examination or MATH 105 A course in analytic geometry and calculus. Topics include: elementary and transcendental functions, their properties, limits, derivatives, integrals and mathematical modeling.</description>
				<instuctor>Brian Sittinger</instuctor>
				<days_and_times>TTH 2:00 PM - 3:50 PM</days_and_times>
			</course>
			<course course_name= "Calculus II">
				<course_number>151</course_number>
				<unit_weight>4</unit_weight>
				<description>Hours: Four hours lecture per week Prerequisites: MATH 150 Topics include: differentiation, integration, sequences, infinite series, and power series.</description>
				<instuctor>Brian Sittinger</instuctor>
				<days_and_times>MW 8:00 AM - 9:50 AM</days_and_times>
			</course>
			<course course_name= "Logic and Mathematical Reasoning">
				<course_number>230</course_number>
				<unit_weight>3</unit_weight>
				<description>Hours: Three hours lecture per week Introduction to deductive logic, logical and critical thinking, and symbolic approaches to common language. Includes abstract sets and number sets, relations, propositional logic, and the theory of quantification.</description>
				<instuctor>Dennis Slivinski</instuctor>
				<days_and_times>TTH 12:00 PM - 1:15 PM</days_and_times>
			</course>
			<course course_name= "Discrete Mathematics">
				<course_number>300</course_number>
				<unit_weight>3</unit_weight>
				<description>Hours: Three hours lecture per week Prerequisite: MATH 230 Description: Topics include: Sets, algebraic systems, axioms, definitions, propositions and proofs. Combinatorics, graph theory, moduli calculus. Coding, coding errors and Hamming codes. Students are expected to write mathematical proofs, and communicate mathematical ideas clearly in written and oral form.</description>
				<instuctor>Geoffrey Buhl</instuctor>
				<days_and_times>TTH 1:30 PM - 2:45 PM</days_and_times>
			</course>
			<course course_name= "Real Analysis">
				<course_number>351</course_number>
				<unit_weight>3</unit_weight>
				<description>Hours: Three hours lecture per week Prerequisites: MATH 240 and MATH 250 Topics include: real number system, metric spaces, norms, function spaces, continuity, differentiability, integrability of functions, sequences and series.</description>
				<instuctor>Jorge Garcia</instuctor>
				<days_and_times>MW 1:30 PM - 2:45 PM</days_and_times>
			</course>
		</program>
		<program pro_name="Physics">
			<course course_name= "General Physics I">
				<course_number>200</course_number>
				<unit_weight>4</unit_weight>
				<description>First General physics class you have to take. Calculus based but you don't really use calculus.</description>
				<instuctor>Gregory Wood</instuctor>
				<days_and_times>MW 1:30 PM - 2:45 PM</days_and_times>
			</course>
			<course course_name= "General Physics II">
				<course_number>201</course_number>
				<unit_weight>4</unit_weight>
				<description>Second General physics class you have to take. Still don't use calculus.</description>
				<instuctor>Gregory Wood</instuctor>
				<days_and_times>TTH 1:30 PM - 2:45 PM</days_and_times>
			</course>
			<course course_name="Life in the Universe">
				<course_number>110</course_number>
				<unit_weight>3</unit_weight>
				<description>Hours: Three hours lecture per week Description: Explains the origins of life on Earth and the conditions for life to be discovered on other worlds. Current and potential means of exploring space will be discussed such as: Mars rovers, radio telescopes and the promise and limitations of interstellar travel.</description>
				<instuctor>Clinton</instuctor>
				<days_and_times>TTH 3:00 PM - 4:15 PM</days_and_times>
			</course>
			<course course_name= "Intro to the Solar System">
				<course_number>105</course_number>
				<unit_weight>3</unit_weight>
				<description>Hours: Three hours lecture per week Description: Descriptive introduction to the astronomical properties of the Solar System. Topics include: historical development of astronomy, and the laws that govern the behavior of the universe; evolution of the solar system; planetary sciences; planetary exploration; and greenhouse effect.</description>
				<instuctor>Clinton Harper</instuctor>
				<days_and_times>MW 3:00 PM - 4:15 Pm</days_and_times>
			</course>
			<course course_name="Classical Mechanics">
				<course_number>301</course_number>
				<unit_weight>3</unit_weight>
				<description>Hours: Three hours lecture per week Prerequisites: PHYS 200, MATH 350 Description: A differential equation-based introduction to classical mechanics. The areas covered include the Lagrangian formulation, variational principles, Hamiltonian mechanics, and the theory of canonical transformations. Some applications to the motion of rigid bodies, systems of coupled oscillators, and celestial mechanics will be presented.</description>
				<instuctor>Clinton Harper</instuctor>
				<days_and_times>TTH 4:00 PM - 5:00 PM</days_and_times>
			</course>
		</program>
	</semester>
	<semester sem_name= "Fall 2014">
		<program pro_name= "Computer Science">
			<course course_name= "Introduction to Computer Science">
				<course_number>105</course_number>
				<unit_weight>3</unit_weight>
				<description>Three hourse lecture taught in a laboratory per week Prerequisite: Passing score on Entry Level Mathematics examination Description: Provides a balanced view of computingand provides an introduction to the world of computer science. In depth coverage of the design, development, and expression of algorithms. Covers a variety of concepts relevant to the beginning student, including computer organization and design. Not open to students who have completed COMP 150.</description>
				<instuctor>Peter Sylvester</instuctor>
				<days_and_times>Friday 1.00 PM - 3.50 PM</days_and_times>
			</course>
			<course course_name= "Object-Oriented Programming">
				<course_number>150</course_number>
				<unit_weight>4</unit_weight>
				<description>Hours: Four hours lecture per week taught in the lab Prerequisite: MATH 105 or equivalent and COMP 105 or Permission of the Intructor Description: Course taught in a lab. Introduction to algorithms, their representation, design, structuring, analysis and optimization. The course introduces the concept of paradgim, design, and implementation of algorithims as structured programs in a high level language.</description>
				<instuctor>Anna Bieszczad</instuctor>
				<days_and_times>MW 4:00 PM - 5:50 PM</days_and_times>
			</course>
			<course course_name= "Data Struct and Pro Design">
				<course_number>151</course_number>
				<unit_weight>4</unit_weight>
				<description>Hours: Three hours lecture and three hours lab per week Prerequisite: COMP 150 Introduction to data structures and the algorithms that use them. Review of composite data types such as arrays, records, strings, and sets. Topics include: the role of the abstract data type in program design, definition, implementation and application of data structures such as stacks, queues, linked lists, trees and graphs; recursion; use of time-complexity expressions in evaluating algorithms. comparative study of sorting and searching algorithms.</description>
			    <instuctor>Anna Bieszczad</instuctor>
			    <days_and_times>TTH 3:00 PM - 5:50 PM</days_and_times>
			</course>
			<course course_name= "Programming Languages">
				<course_number>232</course_number>
				<unit_weight>3</unit_weight>
				<description>Hours: Two hours lecture and three hours lab per week Prerequisites: COMP 150 , COMP 151 and COMP 162 Discussion of issues in the design, implementation, and use of high-level programming languages. Topics include: historical background; how languages reflect different design philosophies and user requirements; technical issues in the design of major imperative (procedural) programming languages; other approaches to programming: functional programming, logic programming, and object-oriented programming.</description>
				<instuctor>Adrzej Bieszczad</instuctor>
				<days_and_times>TTH 12:00 PM - 1:50 PM</days_and_times>
			</course>
			<course course_name= "Data Base Theory and Design">
				<course_number>420</course_number>
				<unit_weight>3</unit_weight>
				<description>Hours: Two hours lecture and three hours lab per week Prerequisites: MATH 300 or MATH 301 and COMP 151 or IT 151 Topics include: database structure including: structure definition, data models, semantics of relations, and operation on data models; database schemas: element definition, use and manipulation of the schema; elements of implementation.; algebra of relations on a database; hierarchical data bases. Discussion of information retrieval, reliability, protection and integrity of databases. 420 BLAZE IT!</description>
				<instuctor>Kevin Teruo Scrivnor</instuctor>
				<days_and_times>TTH 4:20 PM - 6:20 PM</days_and_times>
			</course>
		</program>
		<program pro_name= "Mathematics">
			<course course_name= "Calculus I">
				<course_number>150</course_number>
				<unit_weight>4</unit_weight>
				<description>Hours: Four hours lecture per week Prerequisites: Passing scores on the Calculus Placement Examination or MATH 105 A course in analytic geometry and calculus. Topics include: elementary and transcendental functions, their properties, limits, derivatives, integrals and mathematical modeling.</description>
				<instuctor>Brian Sittinger</instuctor>
				<days_and_times>TTH 2:00 PM - 3:50 PM</days_and_times>
			</course>
			<course course_name= "Calculus II">
				<course_number>151</course_number>
				<unit_weight>4</unit_weight>
				<description>Hours: Four hours lecture per week Prerequisites: MATH 150 Topics include: differentiation, integration, sequences, infinite series, and power series.</description>
				<instuctor>Brian Sittinger</instuctor>
				<days_and_times>MW 8:00 AM - 9:50 AM</days_and_times>
			</course>
			<course course_name= "Logic and Mathematical Reasoning">
				<course_number>230</course_number>
				<unit_weight>3</unit_weight>
				<description>Hours: Three hours lecture per week Introduction to deductive logic, logical and critical thinking, and symbolic approaches to common language. Includes abstract sets and number sets, relations, propositional logic, and the theory of quantification.</description>
				<instuctor>Dennis Slivinski</instuctor>
				<days_and_times>TTH 12:00 PM - 1:15 PM</days_and_times>
			</course>
			<course course_name= "Discrete Mathematics">
				<course_number>300</course_number>
				<unit_weight>3</unit_weight>
				<description>Hours: Three hours lecture per week Prerequisite: MATH 230 Description: Topics include: Sets, algebraic systems, axioms, definitions, propositions and proofs. Combinatorics, graph theory, moduli calculus. Coding, coding errors and Hamming codes. Students are expected to write mathematical proofs, and communicate mathematical ideas clearly in written and oral form.</description>
				<instuctor>Geoffrey Buhl</instuctor>
				<days_and_times>TTH 1:30 PM - 2:45 PM</days_and_times>
			</course>
			<course course_name= "Real Analysis">
				<course_number>351</course_number>
				<unit_weight>3</unit_weight>
				<description>Hours: Three hours lecture per week Prerequisites: MATH 240 and MATH 250 Topics include: real number system, metric spaces, norms, function spaces, continuity, differentiability, integrability of functions, sequences and series.</description>
				<instuctor>Jorge Garcia</instuctor>
				<days_and_times>MW 1:30 PM - 2:45 PM</days_and_times>
			</course>
		</program>
		<program pro_name="Physics">
			<course course_name= "General Physics I">
				<course_number>200</course_number>
				<unit_weight>4</unit_weight>
				<description>First General physics class you have to take. Calculus based but you don't really use calculus.</description>
				<instuctor>Gregory Wood</instuctor>
				<days_and_times>MW 1:30 PM - 2:45 PM</days_and_times>
			</course>
			<course course_name= "General Physics II">
				<course_number>201</course_number>
				<unit_weight>4</unit_weight>
				<description>Second General physics class you have to take. Still don't use calculus.</description>
				<instuctor>Gregory Wood</instuctor>
				<days_and_times>TTH 1:30 PM - 2:45 PM</days_and_times>
			</course>
			<course course_name="Life in the Universe">
				<course_number>110</course_number>
				<unit_weight>3</unit_weight>
				<description>Hours: Three hours lecture per week Description: Explains the origins of life on Earth and the conditions for life to be discovered on other worlds. Current and potential means of exploring space will be discussed such as: Mars rovers, radio telescopes and the promise and limitations of interstellar travel.</description>
				<instuctor>Clinton</instuctor>
				<days_and_times>TTH 3:00 PM - 4:15 PM</days_and_times>
			</course>
			<course course_name= "Intro to the Solar System">
				<course_number>105</course_number>
				<unit_weight>3</unit_weight>
				<description>Hours: Three hours lecture per week Description: Descriptive introduction to the astronomical properties of the Solar System. Topics include: historical development of astronomy, and the laws that govern the behavior of the universe; evolution of the solar system; planetary sciences; planetary exploration; and greenhouse effect.</description>
				<instuctor>Clinton Harper</instuctor>
				<days_and_times>MW 3:00 PM - 4:15 Pm</days_and_times>
			</course>
			<course course_name="Classical Mechanics">
				<course_number>301</course_number>
				<unit_weight>3</unit_weight>
				<description>Hours: Three hours lecture per week Prerequisites: PHYS 200, MATH 350 Description: A differential equation-based introduction to classical mechanics. The areas covered include the Lagrangian formulation, variational principles, Hamiltonian mechanics, and the theory of canonical transformations. Some applications to the motion of rigid bodies, systems of coupled oscillators, and celestial mechanics will be presented.</description>
				<instuctor>Clinton Harper</instuctor>
				<days_and_times>TTH 4:00 PM - 5:00 PM</days_and_times>
			</course>
		</program>
	</semester>
</schedule>
